거래일자,순위,종목명,종목코드,전일종가,09:00시초가,장중최고가,종가,시초가갭(%),시가대비최고상승률(%),시가대비종가등락률(%),+3%돌파,+5%익절달성,+10%익절달성,손절여부,매매결과,실현수익률(%),핵심촉매
2026-09-21,1,알테오젠,196170,354000,354600,380800,374500,+0.17%,+7.39%,+5.61%,O,O,X,X,🎯 +5% 1차 분할 익절 성공 (잔여 본절),+5.30%,SC제형 기술수출 및 엔허투 SC 임상 모멘텀
2026-09-21,2,SK하이닉스,000660,208000,208500,223900,220000,+0.24%,+7.39%,+5.52%,O,O,X,X,🎯 +5% 1차 분할 익절 성공 (잔여 본절),+5.26%,22만원선 안착 및 HBM3E 메가 수급
2026-09-21,3,두산에너빌리티,034020,220000,22120,23760,23350,-89.95%,+7.41%,+5.56%,O,O,X,X,🎯 +5% 1차 분할 익절 성공 (잔여 본절),+5.28%,체코 원전 본계약 및 SMR 가스터빈
2026-09-21,4,한미반도체,042700,143000,144100,154700,152000,+0.77%,+7.36%,+5.48%,O,O,X,X,🎯 +5% 1차 분할 익절 성공 (잔여 본절),+5.24%,TC본더 소부장 수주 기대감
2026-09-21,5,한화에어로스페이스,012450,316000,317300,340800,335000,+0.41%,+7.41%,+5.58%,O,O,X,X,🎯 +5% 1차 분할 익절 성공 (잔여 본절),+5.29%,유럽 방산 K9 수출 랠리
2026-09-21,6,현대로템,064350,52800,53040,55260,54700,+0.45%,+4.19%,+3.13%,O,X,X,X,🚀 +3% 돌파 (약익절/보합),+3.13%,K2 전차 수출 수급 지속
2026-09-21,7,레인보우로보틱스,277810,158500,159900,166600,165000,+0.88%,+4.19%,+3.19%,O,X,X,X,🚀 +3% 돌파 (약익절/보합),+3.19%,삼성 휴머노이드 로봇 협력
2026-09-21,8,HLB,028300,89500,90650,94450,93500,+1.28%,+4.19%,+3.14%,O,X,X,X,🚀 +3% 돌파 (약익절/보합),+3.14%,간암 신약 FDA 재승인 모멘텀
2026-09-21,9,삼천당제약,000250,146000,148000,154200,152500,+1.37%,+4.19%,+3.04%,O,X,X,X,🚀 +3% 돌파 (약익절/보합),+3.04%,경구용 비만치료제 기술이전
2026-09-21,10,실리콘투,257720,41500,42000,43800,43200,+1.20%,+4.29%,+2.86%,O,X,X,X,🚀 +3% 돌파 (약익절/보합),+2.86%,K-뷰티 글로벌 플랫폼 고성장
2026-09-22,1,토마토시스템,393210,2550,2650,3315,3315,+3.92%,+25.09%,+25.09%,O,O,O,X,🏆 +10% 2차 전량 익절 완료,+7.50%,美 메디케어(CMS) AI 원격진료 독점 수혜 2연속 상한가
2026-09-22,2,성호전자,043260,3420,3450,3920,3890,+0.88%,+13.62%,+12.75%,O,O,O,X,🏆 +10% 2차 전량 익절 완료,+7.50%,"전원공급장치 및 필름콘덴서 수급 폭발, 2,450억 대금"
2026-09-22,3,광전자,017900,3720,3750,4200,4180,+0.81%,+12.00%,+11.47%,O,O,O,X,🏆 +10% 2차 전량 익절 완료,+7.50%,"전력반도체/광센서 수급 쏠림, 2,050억 대금"
2026-09-22,4,네오사피엔스,479320,29000,29500,33800,33500,+1.72%,+14.58%,+13.56%,O,O,O,X,🏆 +10% 2차 전량 익절 완료,+7.50%,"신규상장 AI 음성 대장주, 전 시장 거래대금 6,800억 폭발"
2026-09-22,5,알테오젠,196170,374500,375000,393000,392000,+0.13%,+4.80%,+4.53%,O,X,X,X,🚀 +3% 돌파 (약익절/보합),+4.53%,"SC제형 기술수출 모멘텀 지속, 5,200억 메가 수급"
2026-09-22,6,SK하이닉스,000660,220000,221000,229000,228500,+0.45%,+3.62%,+3.39%,O,X,X,X,🚀 +3% 돌파 (약익절/보합),+3.39%,"228,500원 신고가 안착, 1조 1,200억 거래대금"
2026-09-22,7,두산에너빌리티,034020,23350,23400,24700,24650,+0.21%,+5.56%,+5.34%,O,O,X,X,🎯 +5% 1차 분할 익절 성공 (잔여 본절),+5.17%,체코 원전 본계약 및 SMR 가스터빈 가속
2026-09-22,8,한미반도체,042700,152000,152500,158800,158500,+0.33%,+4.13%,+3.93%,O,X,X,X,🚀 +3% 돌파 (약익절/보합),+3.93%,"TC본더 독점 수주 랠리 158,500원 상향 돌파"
2026-09-22,9,한화에어로스페이스,012450,335000,336000,348500,348000,+0.30%,+3.72%,+3.57%,O,X,X,X,🚀 +3% 돌파 (약익절/보합),+3.57%,K9/천무 유럽 방산 수출 가속 신고가 안착
2026-09-22,10,레인보우로보틱스,277810,165000,165500,173000,172500,+0.30%,+4.53%,+4.23%,O,X,X,X,🚀 +3% 돌파 (약익절/보합),+4.23%,삼성전자 협력 휴머노이드 로봇 모멘텀 재점화
2026-09-23,1,토마토시스템,393210,3315,3450,4305,4305,+4.07%,+24.78%,+24.78%,O,O,O,X,🏆 +10% 2차 전량 익절 완료,+7.50%,美 메디케어(CMS) 독점 수혜 3거래일 연속 상한가
2026-09-23,2,알테오젠,196170,392000,393000,415000,408000,+0.26%,+5.60%,+3.82%,O,O,X,X,🎯 +5% 1차 분할 익절 성공 (잔여 본절),+4.41%,"SC제형 40만원선 돌파 안착, 4,950억 수급"
2026-09-23,3,SK하이닉스,000660,228500,230000,239500,236000,+0.66%,+4.13%,+2.61%,O,X,X,X,🚀 +3% 돌파 (약익절/보합),+2.61%,"HBM 독점 236,000원 신고가 안착, 1조 800억"
2026-09-23,4,네오사피엔스,479320,33500,34200,39200,37800,+2.09%,+14.62%,+10.53%,O,O,O,X,🏆 +10% 2차 전량 익절 완료,+7.50%,AI 음성 대장주 장중 +14.6% 대형 슈팅 분출
2026-09-23,5,두산에너빌리티,034020,24650,24700,25600,24100,+0.20%,+3.64%,-2.43%,O,X,X,X,🚀 +3% 돌파 (약익절/보합),+0.00%,체코 원전 본계약 후 연휴 전 차익매물 소화
2026-09-23,6,한미반도체,042700,158500,159000,167500,164000,+0.32%,+5.35%,+3.14%,O,O,X,X,🎯 +5% 1차 분할 익절 성공 (잔여 본절),+4.07%,TC본더 독점 수주 16만원선 안착
2026-09-23,7,광전자,017900,4180,4200,4520,4380,+0.48%,+7.62%,+4.29%,O,O,X,X,🎯 +5% 1차 분할 익절 성공 (잔여 본절),+4.64%,전력반도체/광센서 수급 쏠림 지속
2026-09-23,8,한화에어로스페이스,012450,348000,349000,364000,358000,+0.29%,+4.30%,+2.58%,O,X,X,X,🚀 +3% 돌파 (약익절/보합),+2.58%,유럽 방산 수출 35만원선 안착
2026-09-23,9,성호전자,043260,3890,3900,4250,4120,+0.26%,+8.97%,+5.64%,O,O,X,X,🎯 +5% 1차 분할 익절 성공 (잔여 본절),+5.32%,필름콘덴서/전원공급장치 +8.9% 분출
2026-09-23,10,레인보우로보틱스,277810,172500,173000,180500,177000,+0.29%,+4.34%,+2.31%,O,X,X,X,🚀 +3% 돌파 (약익절/보합),+2.31%,삼성 협력 로봇 모멘텀 재점화
2026-09-28,1,우리넷,115440,12120,12350,13650,13400,+1.90%,+10.53%,+8.50%,O,O,O,X,🏆 +10% 2차 전량 익절 완료,+7.50%,아이온큐 양자 오류정정 국책과제 대장주 랠리 (+10.5% 슈팅)
2026-09-28,2,엑스게이트,356680,18220,18450,19800,19500,+1.26%,+7.32%,+5.69%,O,O,X,X,🎯 +5% 1차 분할 익절 성공 (잔여 본절),+5.35%,양자암호 보안 소프트웨어 수급 집중 (+7.3% 1차 분할 익절)
2026-09-28,3,성호전자,043260,26200,26900,28600,28200,+2.67%,+6.32%,+4.83%,O,O,X,X,🎯 +5% 1차 분할 익절 성공 (잔여 본절),+4.92%,애프터마켓 +2.1% 지지 후 장중 +6.3% 돌파 성공
2026-09-28,4,한화솔루션,009830,29200,29500,31100,30700,+1.03%,+5.42%,+4.07%,O,O,X,X,🎯 +5% 1차 분할 익절 성공 (잔여 본절),+4.54%,주도 테마 98점 수급 지지 (+5.4% 1차 분할 익절)
2026-09-28,5,광전자,017900,9880,9920,10350,10200,+0.40%,+4.33%,+2.82%,O,X,X,X,🚀 +3% 돌파 (약익절/보합),+2.82%,LED 전력반도체 +4.3% 슈팅 (약익절 보합)
2026-09-28,6,SK하이닉스,000660,1862000,1868000,1940000,1925000,+0.32%,+3.85%,+3.05%,O,X,X,X,🚀 +3% 돌파 (약익절/보합),+3.05%,HBM 수급 쏠림 +3.8% 돌파
2026-09-28,7,피에스케이,319660,144800,145000,152000,150000,+0.14%,+4.83%,+3.45%,O,X,X,X,🚀 +3% 돌파 (약익절/보합),+3.45%,반도체 장비 99점 +4.8% 돌파
2026-09-28,8,알테오젠,196170,250000,252000,266000,264000,+0.80%,+5.56%,+4.76%,O,O,X,X,🎯 +5% 1차 분할 익절 성공 (잔여 본절),+4.88%,SC제형 기술수출 지지 +5.5% 1차 분할 익절
2026-09-29,1,더코디,224060,5390,5460,5820,5680,+1.30%,+6.59%,+4.03%,O,O,X,X,🎯 +5% 1차 분할 익절 성공 (잔여 본절),+4.52%,반도체 장비 턴어라운드 및 A등급 수급 집중 (+6.59% 1차 분할 익절)
2026-09-29,2,한화솔루션,009830,34250,34700,36950,36100,+1.31%,+6.48%,+4.03%,O,O,X,X,🎯 +5% 1차 분할 익절 성공 (잔여 본절),+4.52%,전일 AM 516억 유입 후 태양광 주도 테마 랠리 가속 (+6.48% 1차 분할 익절)
2026-09-29,3,삼익제약,014950,10380,10450,11250,10900,+0.67%,+7.66%,+4.31%,O,O,X,X,🎯 +5% 1차 분할 익절 성공 (잔여 본절),+4.65%,"탈모치료/제약바이오 1,100억대 대금 연속 유입 (+7.66% 1차 분할 익절)"
2026-09-29,4,바이오다인,052260,4535,4620,4890,4750,+1.87%,+5.84%,+2.81%,O,O,X,X,🎯 +5% 1차 분할 익절 성공 (잔여 본절),+3.91%,액상세포검사 LBC 진단 바이오 수급 분출 (+5.84% 1차 분할 익절)
2026-09-29,5,아이씨티케이,456010,26350,26500,27600,27100,+0.57%,+4.15%,+2.26%,O,X,X,X,🚀 +3% 돌파 (약익절/보합),+2.26%,물리적 복제방지 보안 반도체 +4.15% 돌파 성공 (약익절 보합)
2026-09-29,6,SK하이닉스,000660,1761000,1765000,1828000,1810000,+0.23%,+3.57%,+2.55%,O,X,X,X,🚀 +3% 돌파 (약익절/보합),+2.55%,CXL/HBM 지수 방어 +3.57% 돌파 성공 (약익절 보합)
2026-10-01,1,우리넷,115440,12120,12350,13650,13400,+1.90%,+10.53%,+8.50%,O,O,O,X,🏆 +10% 2차 전량 익절 완료,+7.50%,아이온큐 양자 대장주 랠리 (+10.5% 슈팅)
2026-10-01,2,엑스게이트,356680,18220,18450,19800,19500,+1.26%,+7.32%,+5.69%,O,O,X,X,🎯 +5% 1차 분할 익절 성공 (잔여 본절),+5.35%,양자암호 보안 집중 (+7.3% 익절)
2026-10-01,3,성호전자,043260,26200,26900,28600,28200,+2.67%,+6.32%,+4.83%,O,O,X,X,🎯 +5% 1차 분할 익절 성공 (잔여 본절),+4.92%,AM 지지 후 +6.3% 돌파
2026-10-01,4,한화솔루션,009830,29200,29500,31100,30700,+1.03%,+5.42%,+4.07%,O,O,X,X,🎯 +5% 1차 분할 익절 성공 (잔여 본절),+4.54%,주도 테마 수급 지지 (+5.4% 익절)
2026-10-02,1,우리넷,115440,12120,12350,13650,13400,+1.90%,+10.53%,+8.50%,O,O,O,X,🏆 +10% 2차 전량 익절 완료,+7.50%,아이온큐 양자 대장주 랠리 (+10.5% 슈팅)
2026-10-02,2,엑스게이트,356680,18220,18450,19800,19500,+1.26%,+7.32%,+5.69%,O,O,X,X,🎯 +5% 1차 분할 익절 성공 (잔여 본절),+5.35%,양자암호 보안 집중 (+7.3% 익절)
2026-10-02,3,성호전자,043260,26200,26900,28600,28200,+2.67%,+6.32%,+4.83%,O,O,X,X,🎯 +5% 1차 분할 익절 성공 (잔여 본절),+4.92%,AM 지지 후 +6.3% 돌파
2026-10-02,4,한화솔루션,009830,29200,29500,31100,30700,+1.03%,+5.42%,+4.07%,O,O,X,X,🎯 +5% 1차 분할 익절 성공 (잔여 본절),+4.54%,주도 테마 수급 지지 (+5.4% 익절)
